{"dim": [1920, 1080], "K": [[1004.8374471951423, 0.0, 960.1025514993675], [0.0, 1004.3912782107128, 573.5538287373604], [0.0, 0.0, 1.0]], "D": [[-0.02748054291929438], [-0.007055051080370751], [-0.039625194298025156], [0.019310795479533783]]}